itemid,title,variation_id,variation_name,variation_price,variation_promo_price,variation_quantity,main_image,variation_image,brand_name,material,style,pattern_type,use,origin,origin_country,available,category_id,item_url,total_quantity,price_range,promotion_price_range,description_text,description_images,package_weight,package_length,package_height,package_width,images_count,all_images,has_video,video_url,video_thumbnail,video_id,reviews_count,average_rating,shipping_fee,shipping_time,shipping_from,shipping_company,shipping_service,tracking_available,free_shipping_requirement,estimate_delivery,estimate_delivery_date,store_title,store_id,store_url,variation_sku_code,api_success,api_error,api_request_time
1005007750283758,15pcs/pack Golf Tees for Training Golf Accessories Ball Tees for Parks Golf Course Courtyard Practice Kickoff Random Color Mix,12000042081464791,Color: 15pcs 45mm,7.00,7.00,5,https://ae01.alicdn.com/kf/S5fed35511ed14c38b362894a0438e6e3Z.jpg,https://ae01.alicdn.com/kf/S5fed35511ed14c38b362894a0438e6e3Z.jpg,GVOVLVF,Plastic,,,,Mainland China,,TRUE,100005884,https://www.aliexpress.com/item/1005007750283758.html,10,7.00 - 7.46,,15pcs/pack Golf Tees for Training Golf Accessories Ball Tees for Parks Golf Course Courtyard Practice Kickoff Random Color MixMaterial: plastic Length: 80mm / 45mmPacking inlude：80mm（15pcs） / 45mm（15pcs）,https://ae01.alicdn.com/kf/S12109b1731c0476f9faa4586bd8edc7d8.jpg|https://ae01.alicdn.com/kf/S43bc246bb08d4190ab32cdcbaf562ffaE.jpg|https://ae01.alicdn.com/kf/S7229c0062e0a41aba2c7651f53ca5ce5S.jpg|https://ae01.alicdn.com/kf/Sc1c2c9c0c4ef43039424de3e2ca6fb06B.jpg|https://ae01.alicdn.com/kf/Sbf484ad063414639971253f8f3d8371fz.jpg|https://ae01.alicdn.com/kf/S591e461d458e4522909b6764fc257b1ez.jpg|https://ae01.alicdn.com/kf/Sf7ff9b0dde7745d1995a5869cdd814dfw.jpg|https://ae01.alicdn.com/kf/S733c75b52b994f50b356ada164e58dc1q.jpg|https://ae01.alicdn.com/kf/S95c1ed3656ae40a6983b97642e7e3edfC.jpg|https://ae01.alicdn.com/kf/S497ecae501c740a28156042d3113d333O.jpg,,,,,6,https://ae01.alicdn.com/kf/Sccbd84a191c24b1d93d5a362cd4b24c9V.jpg|https://ae01.alicdn.com/kf/Scab41361561846e9aa489f9bcbea95fdD.jpg|https://ae01.alicdn.com/kf/Sc7b6174e38034ee8852f309d12cf4a76Q.jpg|https://ae01.alicdn.com/kf/S10cbe5287a734c8f8aebb8bb10b1d8880.jpg|https://ae01.alicdn.com/kf/Sae0cb95cac804d809adb885588b31a0eZ.jpg|https://ae01.alicdn.com/kf/S5fed35511ed14c38b362894a0438e6e3Z.jpg,FALSE,,,,,,,,,,,,,,,,,,o3nEDXJa9J0cqNowjqLshssNCyI_ciDuHsSeZ_ZbgQwRHk4lBomKCWTpwDap-Jr3aLoLpgjRVGu1KtCiGqRmnWBDXxDLIjMjuipv12oBN2aWMTnxIaUQ1GXTXlka-ClGilNiJBx5_rRtqgBpf6c_Sg==,TRUE,,2025-10-03T18:11:23.571759
1005007750283758,15pcs/pack Golf Tees for Training Golf Accessories Ball Tees for Parks Golf Course Courtyard Practice Kickoff Random Color Mix,12000042081464790,Color: 15pcs 80mm,7.46,7.46,5,https://ae01.alicdn.com/kf/Sae0cb95cac804d809adb885588b31a0eZ.jpg,https://ae01.alicdn.com/kf/Sae0cb95cac804d809adb885588b31a0eZ.jpg,GVOVLVF,Plastic,,,,Mainland China,,TRUE,100005884,https://www.aliexpress.com/item/1005007750283758.html,10,7.00 - 7.46,,15pcs/pack Golf Tees for Training Golf Accessories Ball Tees for Parks Golf Course Courtyard Practice Kickoff Random Color MixMaterial: plastic Length: 80mm / 45mmPacking inlude：80mm（15pcs） / 45mm（15pcs）,https://ae01.alicdn.com/kf/S12109b1731c0476f9faa4586bd8edc7d8.jpg|https://ae01.alicdn.com/kf/S43bc246bb08d4190ab32cdcbaf562ffaE.jpg|https://ae01.alicdn.com/kf/S7229c0062e0a41aba2c7651f53ca5ce5S.jpg|https://ae01.alicdn.com/kf/Sc1c2c9c0c4ef43039424de3e2ca6fb06B.jpg|https://ae01.alicdn.com/kf/Sbf484ad063414639971253f8f3d8371fz.jpg|https://ae01.alicdn.com/kf/S591e461d458e4522909b6764fc257b1ez.jpg|https://ae01.alicdn.com/kf/Sf7ff9b0dde7745d1995a5869cdd814dfw.jpg|https://ae01.alicdn.com/kf/S733c75b52b994f50b356ada164e58dc1q.jpg|https://ae01.alicdn.com/kf/S95c1ed3656ae40a6983b97642e7e3edfC.jpg|https://ae01.alicdn.com/kf/S497ecae501c740a28156042d3113d333O.jpg,,,,,6,https://ae01.alicdn.com/kf/Sccbd84a191c24b1d93d5a362cd4b24c9V.jpg|https://ae01.alicdn.com/kf/Scab41361561846e9aa489f9bcbea95fdD.jpg|https://ae01.alicdn.com/kf/Sc7b6174e38034ee8852f309d12cf4a76Q.jpg|https://ae01.alicdn.com/kf/S10cbe5287a734c8f8aebb8bb10b1d8880.jpg|https://ae01.alicdn.com/kf/Sae0cb95cac804d809adb885588b31a0eZ.jpg|https://ae01.alicdn.com/kf/S5fed35511ed14c38b362894a0438e6e3Z.jpg,FALSE,,,,,,,,,,,,,,,,,,5Ke5R4e7L5OXsX32RT98FlujCQY_b8Nmx8SKVyFpb7GBZCO_E4lL4P2sIcoMW9Iu-9K_5C3f5mc3u-TK8FfQ1rrv02vArVWp7-Zuy2rKLUBtFNPFUJlogIQ3L5ylQOwvRxSJG-fGDaUHSYK-rEzdYA==,TRUE,,2025-10-03T18:11:23.571759
1005009589821544,50Pcs Colorful Plastic Golf Tee Step Down Graduated Castle Tee Height Control  Golf Ball Holder Golf Accessories,12000049554173860,Color: 70mm Orange Colors,6.87,4.12,8882,https://ae01.alicdn.com/kf/Sc2e7d6c336be48299236a666db9e8739I.jpg,https://ae01.alicdn.com/kf/Sc2e7d6c336be48299236a666db9e8739I.jpg,None,Plastic,,,,Mainland China,,TRUE,100005884,https://www.aliexpress.com/item/1005009589821544.html,53306,5.01 - 6.87,3.01 - 4.12,"Main Features:Made of unwearable plastic for long use lifeEasy to carry them around as its light weightedEasily spotted after you hit your drive because of their bright colorsCan keep the ball in place and reduce the hit towards the teeGreat for hitting by irons and hybrid clubsSpecification:Material:plasticSize:31mm,37mm,43mm,51mm,57mm,70mmNote:The real color of the item may be slightly different from the pictures shown on website caused by many factors such as brightness of your monitor and light brightnessPlease allow 1-2cm differences due to manual measurementPackage Included:50*Golf Tees",https://ae01.alicdn.com/kf/S294676619f70491fa8e02a0d10d7466fa.jpg|https://ae01.alicdn.com/kf/S11775c72bf2943fea3dbeaa7e0abf23ck.jpg|https://ae01.alicdn.com/kf/Sd3640fca014c4e7c866f15765970ce03Y.jpg|https://ae01.alicdn.com/kf/See2b57de5e694dd69fcebe63a0385420D.jpg|https://ae01.alicdn.com/kf/S9734bc74badb4d75809ca52ad02d8422H.jpg|https://ae01.alicdn.com/kf/S9d7db5e892cf40868c50e5f280736199A.jpg|https://ae01.alicdn.com/kf/Sc2e7d6c336be48299236a666db9e8739I.jpg|https://ae01.alicdn.com/kf/S1863141b3db9477d8a584493c80929d2K.jpg,,,,,6,https://ae01.alicdn.com/kf/S9f2d0a6ef7364836b800501aef6f599d6.jpg|https://ae01.alicdn.com/kf/See2b57de5e694dd69fcebe63a0385420D.jpg|https://ae01.alicdn.com/kf/Sd3640fca014c4e7c866f15765970ce03Y.jpg|https://ae01.alicdn.com/kf/S9d7db5e892cf40868c50e5f280736199A.jpg|https://ae01.alicdn.com/kf/S9734bc74badb4d75809ca52ad02d8422H.jpg|https://ae01.alicdn.com/kf/S11775c72bf2943fea3dbeaa7e0abf23ck.jpg,FALSE,,,,,,,,,,,,,,,,,,Lo44aqF3zzq5TxTuk9yN5LRsmx-cg0qwCh-H2f14-ut1QVwTYqnEU10_lyILsBQrXkqdopjDIiLmKntCmyFqTLkpkW30c3Fuyl9V5SXhF92haQE7MPoVhqpj3ORMd6cW1_uKsooW5eSo03MBuL4qQA==,TRUE,,2025-10-03T18:11:26.337788
1005009589821544,50Pcs Colorful Plastic Golf Tee Step Down Graduated Castle Tee Height Control  Golf Ball Holder Golf Accessories,12000049554173859,Color: 59mm Pink Colors,6.16,3.70,8879,https://ae01.alicdn.com/kf/S9d7db5e892cf40868c50e5f280736199A.jpg,https://ae01.alicdn.com/kf/S9d7db5e892cf40868c50e5f280736199A.jpg,None,Plastic,,,,Mainland China,,TRUE,100005884,https://www.aliexpress.com/item/1005009589821544.html,53306,5.01 - 6.87,3.01 - 4.12,"Main Features:Made of unwearable plastic for long use lifeEasy to carry them around as its light weightedEasily spotted after you hit your drive because of their bright colorsCan keep the ball in place and reduce the hit towards the teeGreat for hitting by irons and hybrid clubsSpecification:Material:plasticSize:31mm,37mm,43mm,51mm,57mm,70mmNote:The real color of the item may be slightly different from the pictures shown on website caused by many factors such as brightness of your monitor and light brightnessPlease allow 1-2cm differences due to manual measurementPackage Included:50*Golf Tees",https://ae01.alicdn.com/kf/S294676619f70491fa8e02a0d10d7466fa.jpg|https://ae01.alicdn.com/kf/S11775c72bf2943fea3dbeaa7e0abf23ck.jpg|https://ae01.alicdn.com/kf/Sd3640fca014c4e7c866f15765970ce03Y.jpg|https://ae01.alicdn.com/kf/See2b57de5e694dd69fcebe63a0385420D.jpg|https://ae01.alicdn.com/kf/S9734bc74badb4d75809ca52ad02d8422H.jpg|https://ae01.alicdn.com/kf/S9d7db5e892cf40868c50e5f280736199A.jpg|https://ae01.alicdn.com/kf/Sc2e7d6c336be48299236a666db9e8739I.jpg|https://ae01.alicdn.com/kf/S1863141b3db9477d8a584493c80929d2K.jpg,,,,,6,https://ae01.alicdn.com/kf/S9f2d0a6ef7364836b800501aef6f599d6.jpg|https://ae01.alicdn.com/kf/See2b57de5e694dd69fcebe63a0385420D.jpg|https://ae01.alicdn.com/kf/Sd3640fca014c4e7c866f15765970ce03Y.jpg|https://ae01.alicdn.com/kf/S9d7db5e892cf40868c50e5f280736199A.jpg|https://ae01.alicdn.com/kf/S9734bc74badb4d75809ca52ad02d8422H.jpg|https://ae01.alicdn.com/kf/S11775c72bf2943fea3dbeaa7e0abf23ck.jpg,FALSE,,,,,,,,,,,,,,,,,,Dk4w4qznUY-f3z49tP3oBEpdFLDCcYq_X3wMKCthuwSNBevMzzGJpnpPKXg0YcFpKe2wY_LQ11lAVxAQLf2eYe-H1FmVuBu6S-LQojXt4tRKpAnfkBhw4hG9d5n7D-BKkOq32w6EV3SunwSLx4pUTg==,TRUE,,2025-10-03T18:11:26.337788
1005009589821544,50Pcs Colorful Plastic Golf Tee Step Down Graduated Castle Tee Height Control  Golf Ball Holder Golf Accessories,12000049554173858,Color: 51mm White Colors,5.87,3.52,8886,https://ae01.alicdn.com/kf/S9734bc74badb4d75809ca52ad02d8422H.jpg,https://ae01.alicdn.com/kf/S9734bc74badb4d75809ca52ad02d8422H.jpg,None,Plastic,,,,Mainland China,,TRUE,100005884,https://www.aliexpress.com/item/1005009589821544.html,53306,5.01 - 6.87,3.01 - 4.12,"Main Features:Made of unwearable plastic for long use lifeEasy to carry them around as its light weightedEasily spotted after you hit your drive because of their bright colorsCan keep the ball in place and reduce the hit towards the teeGreat for hitting by irons and hybrid clubsSpecification:Material:plasticSize:31mm,37mm,43mm,51mm,57mm,70mmNote:The real color of the item may be slightly different from the pictures shown on website caused by many factors such as brightness of your monitor and light brightnessPlease allow 1-2cm differences due to manual measurementPackage Included:50*Golf Tees",https://ae01.alicdn.com/kf/S294676619f70491fa8e02a0d10d7466fa.jpg|https://ae01.alicdn.com/kf/S11775c72bf2943fea3dbeaa7e0abf23ck.jpg|https://ae01.alicdn.com/kf/Sd3640fca014c4e7c866f15765970ce03Y.jpg|https://ae01.alicdn.com/kf/See2b57de5e694dd69fcebe63a0385420D.jpg|https://ae01.alicdn.com/kf/S9734bc74badb4d75809ca52ad02d8422H.jpg|https://ae01.alicdn.com/kf/S9d7db5e892cf40868c50e5f280736199A.jpg|https://ae01.alicdn.com/kf/Sc2e7d6c336be48299236a666db9e8739I.jpg|https://ae01.alicdn.com/kf/S1863141b3db9477d8a584493c80929d2K.jpg,,,,,6,https://ae01.alicdn.com/kf/S9f2d0a6ef7364836b800501aef6f599d6.jpg|https://ae01.alicdn.com/kf/See2b57de5e694dd69fcebe63a0385420D.jpg|https://ae01.alicdn.com/kf/Sd3640fca014c4e7c866f15765970ce03Y.jpg|https://ae01.alicdn.com/kf/S9d7db5e892cf40868c50e5f280736199A.jpg|https://ae01.alicdn.com/kf/S9734bc74badb4d75809ca52ad02d8422H.jpg|https://ae01.alicdn.com/kf/S11775c72bf2943fea3dbeaa7e0abf23ck.jpg,FALSE,,,,,,,,,,,,,,,,,,pvDwlxprCuiJSgiNKWLcRpaxYSegfxbv7N7xBdAis2aiqYR6DtdQJwJpPGeoIz1uuegIpC84Tui4w4CNB0qclObx2Te669lrV51tMNhcOZef-RJ7SZBJhFRcvLlPMvmHnbVaBUJYPRYZJfJKdp0lrQ==,TRUE,,2025-10-03T18:11:26.337788
1005009589821544,50Pcs Colorful Plastic Golf Tee Step Down Graduated Castle Tee Height Control  Golf Ball Holder Golf Accessories,12000049554173857,Color: 43mm Yellow Colors,5.58,3.35,8887,https://ae01.alicdn.com/kf/See2b57de5e694dd69fcebe63a0385420D.jpg,https://ae01.alicdn.com/kf/See2b57de5e694dd69fcebe63a0385420D.jpg,None,Plastic,,,,Mainland China,,TRUE,100005884,https://www.aliexpress.com/item/1005009589821544.html,53306,5.01 - 6.87,3.01 - 4.12,"Main Features:Made of unwearable plastic for long use lifeEasy to carry them around as its light weightedEasily spotted after you hit your drive because of their bright colorsCan keep the ball in place and reduce the hit towards the teeGreat for hitting by irons and hybrid clubsSpecification:Material:plasticSize:31mm,37mm,43mm,51mm,57mm,70mmNote:The real color of the item may be slightly different from the pictures shown on website caused by many factors such as brightness of your monitor and light brightnessPlease allow 1-2cm differences due to manual measurementPackage Included:50*Golf Tees",https://ae01.alicdn.com/kf/S294676619f70491fa8e02a0d10d7466fa.jpg|https://ae01.alicdn.com/kf/S11775c72bf2943fea3dbeaa7e0abf23ck.jpg|https://ae01.alicdn.com/kf/Sd3640fca014c4e7c866f15765970ce03Y.jpg|https://ae01.alicdn.com/kf/See2b57de5e694dd69fcebe63a0385420D.jpg|https://ae01.alicdn.com/kf/S9734bc74badb4d75809ca52ad02d8422H.jpg|https://ae01.alicdn.com/kf/S9d7db5e892cf40868c50e5f280736199A.jpg|https://ae01.alicdn.com/kf/Sc2e7d6c336be48299236a666db9e8739I.jpg|https://ae01.alicdn.com/kf/S1863141b3db9477d8a584493c80929d2K.jpg,,,,,6,https://ae01.alicdn.com/kf/S9f2d0a6ef7364836b800501aef6f599d6.jpg|https://ae01.alicdn.com/kf/See2b57de5e694dd69fcebe63a0385420D.jpg|https://ae01.alicdn.com/kf/Sd3640fca014c4e7c866f15765970ce03Y.jpg|https://ae01.alicdn.com/kf/S9d7db5e892cf40868c50e5f280736199A.jpg|https://ae01.alicdn.com/kf/S9734bc74badb4d75809ca52ad02d8422H.jpg|https://ae01.alicdn.com/kf/S11775c72bf2943fea3dbeaa7e0abf23ck.jpg,FALSE,,,,,,,,,,,,,,,,,,WMxvTJH3zSCzk6sHiZfEPc4m4eDqWYY1HD53c0dBfAoFjnCCKskWIXRbtYtlZCqGhHURVYS3M8-kmldeCHbMMjXvd3ULT75OyqRCpEuePQbMqYMuEkWxAKQINJYfBbh6rbwpl0d75oSkERh-EyYokg==,TRUE,,2025-10-03T18:11:26.337788
1005009589821544,50Pcs Colorful Plastic Golf Tee Step Down Graduated Castle Tee Height Control  Golf Ball Holder Golf Accessories,12000049554173856,Color: 37mm Blue Colors,5.30,3.18,8888,https://ae01.alicdn.com/kf/Sd3640fca014c4e7c866f15765970ce03Y.jpg,https://ae01.alicdn.com/kf/Sd3640fca014c4e7c866f15765970ce03Y.jpg,None,Plastic,,,,Mainland China,,TRUE,100005884,https://www.aliexpress.com/item/1005009589821544.html,53306,5.01 - 6.87,3.01 - 4.12,"Main Features:Made of unwearable plastic for long use lifeEasy to carry them around as its light weightedEasily spotted after you hit your drive because of their bright colorsCan keep the ball in place and reduce the hit towards the teeGreat for hitting by irons and hybrid clubsSpecification:Material:plasticSize:31mm,37mm,43mm,51mm,57mm,70mmNote:The real color of the item may be slightly different from the pictures shown on website caused by many factors such as brightness of your monitor and light brightnessPlease allow 1-2cm differences due to manual measurementPackage Included:50*Golf Tees",https://ae01.alicdn.com/kf/S294676619f70491fa8e02a0d10d7466fa.jpg|https://ae01.alicdn.com/kf/S11775c72bf2943fea3dbeaa7e0abf23ck.jpg|https://ae01.alicdn.com/kf/Sd3640fca014c4e7c866f15765970ce03Y.jpg|https://ae01.alicdn.com/kf/See2b57de5e694dd69fcebe63a0385420D.jpg|https://ae01.alicdn.com/kf/S9734bc74badb4d75809ca52ad02d8422H.jpg|https://ae01.alicdn.com/kf/S9d7db5e892cf40868c50e5f280736199A.jpg|https://ae01.alicdn.com/kf/Sc2e7d6c336be48299236a666db9e8739I.jpg|https://ae01.alicdn.com/kf/S1863141b3db9477d8a584493c80929d2K.jpg,,,,,6,https://ae01.alicdn.com/kf/S9f2d0a6ef7364836b800501aef6f599d6.jpg|https://ae01.alicdn.com/kf/See2b57de5e694dd69fcebe63a0385420D.jpg|https://ae01.alicdn.com/kf/Sd3640fca014c4e7c866f15765970ce03Y.jpg|https://ae01.alicdn.com/kf/S9d7db5e892cf40868c50e5f280736199A.jpg|https://ae01.alicdn.com/kf/S9734bc74badb4d75809ca52ad02d8422H.jpg|https://ae01.alicdn.com/kf/S11775c72bf2943fea3dbeaa7e0abf23ck.jpg,FALSE,,,,,,,,,,,,,,,,,,9W6jLrQ3FRUQuTZGMxnX-RJ3ErGe6YEetInwjoiOJpQbMwV3OGeB3yTKX-b5iGjtbLjt2O2G80AeEGQ3qq09xQ4psgBhtX3QAr6tsKwSNC4cf2xhml_sEITICfjpmZHQs5pHLVACbU4E7pRF8acxHg==,TRUE,,2025-10-03T18:11:26.337788
1005009589821544,50Pcs Colorful Plastic Golf Tee Step Down Graduated Castle Tee Height Control  Golf Ball Holder Golf Accessories,12000049554173855,Color: 31mm Red Colors,05.01,03.01,8884,https://ae01.alicdn.com/kf/S11775c72bf2943fea3dbeaa7e0abf23ck.jpg,https://ae01.alicdn.com/kf/S11775c72bf2943fea3dbeaa7e0abf23ck.jpg,None,Plastic,,,,Mainland China,,TRUE,100005884,https://www.aliexpress.com/item/1005009589821544.html,53306,5.01 - 6.87,3.01 - 4.12,"Main Features:Made of unwearable plastic for long use lifeEasy to carry them around as its light weightedEasily spotted after you hit your drive because of their bright colorsCan keep the ball in place and reduce the hit towards the teeGreat for hitting by irons and hybrid clubsSpecification:Material:plasticSize:31mm,37mm,43mm,51mm,57mm,70mmNote:The real color of the item may be slightly different from the pictures shown on website caused by many factors such as brightness of your monitor and light brightnessPlease allow 1-2cm differences due to manual measurementPackage Included:50*Golf Tees",https://ae01.alicdn.com/kf/S294676619f70491fa8e02a0d10d7466fa.jpg|https://ae01.alicdn.com/kf/S11775c72bf2943fea3dbeaa7e0abf23ck.jpg|https://ae01.alicdn.com/kf/Sd3640fca014c4e7c866f15765970ce03Y.jpg|https://ae01.alicdn.com/kf/See2b57de5e694dd69fcebe63a0385420D.jpg|https://ae01.alicdn.com/kf/S9734bc74badb4d75809ca52ad02d8422H.jpg|https://ae01.alicdn.com/kf/S9d7db5e892cf40868c50e5f280736199A.jpg|https://ae01.alicdn.com/kf/Sc2e7d6c336be48299236a666db9e8739I.jpg|https://ae01.alicdn.com/kf/S1863141b3db9477d8a584493c80929d2K.jpg,,,,,6,https://ae01.alicdn.com/kf/S9f2d0a6ef7364836b800501aef6f599d6.jpg|https://ae01.alicdn.com/kf/See2b57de5e694dd69fcebe63a0385420D.jpg|https://ae01.alicdn.com/kf/Sd3640fca014c4e7c866f15765970ce03Y.jpg|https://ae01.alicdn.com/kf/S9d7db5e892cf40868c50e5f280736199A.jpg|https://ae01.alicdn.com/kf/S9734bc74badb4d75809ca52ad02d8422H.jpg|https://ae01.alicdn.com/kf/S11775c72bf2943fea3dbeaa7e0abf23ck.jpg,FALSE,,,,,,,,,,,,,,,,,,PjZDdKo79dokrc9Ps75G_9OzsjULNN_ViJUG2dhF5bs0bS7kDdaDB-3pscEi_FwlnIbh8LpJvXcx6C6DndENWDyi4makkYwCLbpUIsmqIQLhpYH5EO4Sok1Nuy67JkxEzrJv9jJKK5uNrzMVwQyH6Q==,TRUE,,2025-10-03T18:11:26.337788
1005007621970815,12pcs/box  Golf Scale Tees for Training On-Course Golf Accessories Ball Tees for Parks Golf Course Courtyard Practice Kickoff,12000041536748746,Color: 12pcs in 1 boxes,7.54,7.54,12,https://ae01.alicdn.com/kf/S2bde13b766564e3c8fb61e5fa3b269bfS.jpg,https://ae01.alicdn.com/kf/S2bde13b766564e3c8fb61e5fa3b269bfS.jpg,GVOVLVF,Plastic,,,,Mainland China,,TRUE,100005884,https://www.aliexpress.com/item/1005007621970815.html,12,7.54,,12pcs/box Golf Scale Tees for Training On-Course Golf Accessories Ball Tees for Parks Golf Course Courtyard Practice KickoffMaterial: plastic Length: 79mm(9pcs) and 45mm(3pcs),https://ae01.alicdn.com/kf/S628a6944d7e4481b9ee63186ab8783abe.jpg|https://ae01.alicdn.com/kf/S6a0e720d09cc44258751229ff7c27113h.jpg|https://ae01.alicdn.com/kf/Seb38a2ef06004e82b4dfd5f10e37268c3.jpg|https://ae01.alicdn.com/kf/Sfbff2c49bcd34fe1b03287dc9532a7f2V.jpg|https://ae01.alicdn.com/kf/S6f90bfc758e3472f99054cb64852eedbt.jpg|https://ae01.alicdn.com/kf/Sa1ea8bc7a70d4faa9b4e39a2a817a40cg.jpg|https://ae01.alicdn.com/kf/Sea5dbf0120e04a1a9a3739d88ba2a3ddc.jpg|https://ae01.alicdn.com/kf/S0e7cda33bd264443bba8ed7a7bafa715j.jpg|https://ae01.alicdn.com/kf/S72f8b95b3f03422fbcc57367cca5926fz.jpg,,,,,6,https://ae01.alicdn.com/kf/S909685d2aa474ae7bed109b276476411F.jpg|https://ae01.alicdn.com/kf/S0066048f91f34b1a9ae7d96458afa567T.jpg|https://ae01.alicdn.com/kf/Sb4b5df5cf91440e1ae1f49895b31e123b.jpg|https://ae01.alicdn.com/kf/S81bb46b301594d26bcc4b2fd90758f7ea.jpg|https://ae01.alicdn.com/kf/S226db0d01d4f472ca36eda2b959b5ae9L.jpg|https://ae01.alicdn.com/kf/S72f8b95b3f03422fbcc57367cca5926fz.jpg,TRUE,https://video.aliexpress-media.com/play/u/ae_sg_item/226939877/p/1/e/6/t/10301/5000140942004.mp4,https://ae01.alicdn.com/kf/S2036b3479e384b1b93a0f50dccb59710s.jpg,5000140942004,,,,,,,,,,,,,,,HeRbLk8Z2yZiXty043hVZIG-eAt-MesRR1sqAJNVxlgWFTeDueqjh9-FCTxNHi_YaSJXfypHGErUWQyRPoQtLvSsO-dmGiJYEoUpOCdoBuUQpNxEGpA_vEUGTlQ1NPZnzohgulsSkW5cDs_5WInbuQ==,TRUE,,2025-10-03T18:11:29.028849
1005007750060915,15pcs/pack Golf Tees Durable Plastic Golf Tees Designed to Enhance Golf Shot Distance Random Color Mixing Golf Accessories,12000042081222557,Color: 15pcs 45mm,7.91,7.65,5,https://ae01.alicdn.com/kf/S01195064f46c413d989f8d478aaefecer.jpg,https://ae01.alicdn.com/kf/S01195064f46c413d989f8d478aaefecer.jpg,GVOVLVF,Plastic,,,,Mainland China,,TRUE,100005884,https://www.aliexpress.com/item/1005007750060915.html,10,7.91 - 9.36,7.65 - 9.08,15pcs/pack Golf Tees Durable Plastic Golf Tees Designed to Enhance Golf Shot Distance Random Color Mixing Golf AccessoriesMaterial: plastic Length: 80mm / 45mmPacking inlude：80mm（15pcs） / 45mm（15pcs）,https://ae01.alicdn.com/kf/S406a65f08b47449c8d60467db3f37abbB.jpg|https://ae01.alicdn.com/kf/Sf80c9ebab95d42f9b9539f286193d88d1.jpg|https://ae01.alicdn.com/kf/Saa8f30bf628b483a8f668c1413fe908by.jpg|https://ae01.alicdn.com/kf/Se471f7b8e35a4ecabfdd7c34c5b6b2f6I.jpg|https://ae01.alicdn.com/kf/S01bdebdd13e94cb1b26543d9acabe956H.jpg|https://ae01.alicdn.com/kf/S4df0c0698c1744a9b1db6123e85c7f47C.jpg|https://ae01.alicdn.com/kf/S73215db250e24be39c28e435c1413d0ax.jpg|https://ae01.alicdn.com/kf/S79b25d021c68471cbd680fc2bc68cdd8h.jpg|https://ae01.alicdn.com/kf/Se6b88094ba3446e48badd6de136dd71f3.jpg|https://ae01.alicdn.com/kf/S444ec428108147e89dac73baa9fa3af1D.jpg,,,,,6,https://ae01.alicdn.com/kf/S48671c3aee5a443eb9a8e5453eb39f67q.jpg|https://ae01.alicdn.com/kf/S1608a80d8e5d400c87382b7b0f5af6adJ.jpg|https://ae01.alicdn.com/kf/S53279038fccc4123a792a009e367437aj.jpg|https://ae01.alicdn.com/kf/S5e5c038ca4ed40bfa33cf4afa09d2544v.jpg|https://ae01.alicdn.com/kf/Sc0c8c522b61846cfa6f9139478d81dc87.jpg|https://ae01.alicdn.com/kf/S01195064f46c413d989f8d478aaefecer.jpg,FALSE,,,,,,,,,,,,,,,,,,GhB3cEVpwtR37sggVEZVurajLcZlnBuMyEZV-sTpSK4YOOPNj1zd4hqie77n0bGUsU89cNSHVYMjqgTHwWC25cuX99rEohifJttWs5vatSPQbB9WYIl_Z0TzJ-ywpQkL4vsl9_cHPW0x7aRxWWs6zg==,TRUE,,2025-10-03T18:11:31.625953
1005007750060915,15pcs/pack Golf Tees Durable Plastic Golf Tees Designed to Enhance Golf Shot Distance Random Color Mixing Golf Accessories,12000042081222556,Color: 15pcs 80mm,9.36,09.08,5,https://ae01.alicdn.com/kf/Sc0c8c522b61846cfa6f9139478d81dc87.jpg,https://ae01.alicdn.com/kf/Sc0c8c522b61846cfa6f9139478d81dc87.jpg,GVOVLVF,Plastic,,,,Mainland China,,TRUE,100005884,https://www.aliexpress.com/item/1005007750060915.html,10,7.91 - 9.36,7.65 - 9.08,15pcs/pack Golf Tees Durable Plastic Golf Tees Designed to Enhance Golf Shot Distance Random Color Mixing Golf AccessoriesMaterial: plastic Length: 80mm / 45mmPacking inlude：80mm（15pcs） / 45mm（15pcs）,https://ae01.alicdn.com/kf/S406a65f08b47449c8d60467db3f37abbB.jpg|https://ae01.alicdn.com/kf/Sf80c9ebab95d42f9b9539f286193d88d1.jpg|https://ae01.alicdn.com/kf/Saa8f30bf628b483a8f668c1413fe908by.jpg|https://ae01.alicdn.com/kf/Se471f7b8e35a4ecabfdd7c34c5b6b2f6I.jpg|https://ae01.alicdn.com/kf/S01bdebdd13e94cb1b26543d9acabe956H.jpg|https://ae01.alicdn.com/kf/S4df0c0698c1744a9b1db6123e85c7f47C.jpg|https://ae01.alicdn.com/kf/S73215db250e24be39c28e435c1413d0ax.jpg|https://ae01.alicdn.com/kf/S79b25d021c68471cbd680fc2bc68cdd8h.jpg|https://ae01.alicdn.com/kf/Se6b88094ba3446e48badd6de136dd71f3.jpg|https://ae01.alicdn.com/kf/S444ec428108147e89dac73baa9fa3af1D.jpg,,,,,6,https://ae01.alicdn.com/kf/S48671c3aee5a443eb9a8e5453eb39f67q.jpg|https://ae01.alicdn.com/kf/S1608a80d8e5d400c87382b7b0f5af6adJ.jpg|https://ae01.alicdn.com/kf/S53279038fccc4123a792a009e367437aj.jpg|https://ae01.alicdn.com/kf/S5e5c038ca4ed40bfa33cf4afa09d2544v.jpg|https://ae01.alicdn.com/kf/Sc0c8c522b61846cfa6f9139478d81dc87.jpg|https://ae01.alicdn.com/kf/S01195064f46c413d989f8d478aaefecer.jpg,FALSE,,,,,,,,,,,,,,,,,,9YfD0Un36ST7V9vY0OgfA9vlftNp3hIb7jkBH7ZGpdzvipjDjo-E1Ng-J4vvieBOKmu8BwbeWZrsau2Cf3RlQ7QvPCKHk4MPoSsvspGLicj0RDhlteRKZQZwkOkqAjFV2aY3U85wB27rBe7V4VgQ_w==,TRUE,,2025-10-03T18:11:31.625953
"1,00501E+15",3Pcs Golf Headcover for Driver Fairway Hybrid with Soft Lining Club Long Golf Head Protection Sleeve Cover Golf Accessories,12000046823907279,Color: for RED,11.70,5.38,11,https://ae01.alicdn.com/kf/S02b695784a8a4b1196e99e0fcb24f0f5t.jpg,https://ae01.alicdn.com/kf/S02b695784a8a4b1196e99e0fcb24f0f5t.jpg,Jerran Kvoa,,,,,Mainland China,,TRUE,100005365,https://www.aliexpress.com/item/1005008822530800.html,29,11.70 - 13.12,5.38 - 6.04,,https://ae01.alicdn.com/kf/S03d583becc2a4f6ca0b5c3f462c7ff12w.jpg|https://ae01.alicdn.com/kf/S34dc57d6fbdd4a069913976bc8a90183N.jpg|https://ae01.alicdn.com/kf/S02b695784a8a4b1196e99e0fcb24f0f5t.jpg|https://ae01.alicdn.com/kf/Se1c964ed0cbc44989816d9b8b0ae70f3c.jpg|https://ae01.alicdn.com/kf/S6a90240d6cb049a6ad95d432f6e718dd8.jpg|https://ae01.alicdn.com/kf/S9e8c8a189eed47e6a4a01d088274f90cr.jpg,,,,,6,https://ae01.alicdn.com/kf/S02b695784a8a4b1196e99e0fcb24f0f5t.jpg|https://ae01.alicdn.com/kf/S9e8c8a189eed47e6a4a01d088274f90cr.jpg|https://ae01.alicdn.com/kf/Se1c964ed0cbc44989816d9b8b0ae70f3c.jpg|https://ae01.alicdn.com/kf/S6a90240d6cb049a6ad95d432f6e718dd8.jpg|https://ae01.alicdn.com/kf/S34dc57d6fbdd4a069913976bc8a90183N.jpg|https://ae01.alicdn.com/kf/S03d583becc2a4f6ca0b5c3f462c7ff12w.jpg,FALSE,,,,,,,,,,,,,,,,,,mBHGBmMn716SeCdvSJRAHJzgAUvGCeHOeS0b3ZUKqa72OCUQE2wJX325I7uT2CSfw5CY1XTltnXlf2cy_tJoH440mpzfriKlbNokiDniWEvDAEThiW6u3sSDuI1Yk5yZ2J4IVsQ5OfjO2LngGzbchw==,TRUE,,2025-10-03T18:11:34.322763
"1,00501E+15",3Pcs Golf Headcover for Driver Fairway Hybrid with Soft Lining Club Long Golf Head Protection Sleeve Cover Golf Accessories,12000046823907280,Color: for blue,13.12,06.04,7,https://ae01.alicdn.com/kf/S34dc57d6fbdd4a069913976bc8a90183N.jpg,https://ae01.alicdn.com/kf/S34dc57d6fbdd4a069913976bc8a90183N.jpg,Jerran Kvoa,,,,,Mainland China,,TRUE,100005365,https://www.aliexpress.com/item/1005008822530800.html,29,11.70 - 13.12,5.38 - 6.04,,https://ae01.alicdn.com/kf/S03d583becc2a4f6ca0b5c3f462c7ff12w.jpg|https://ae01.alicdn.com/kf/S34dc57d6fbdd4a069913976bc8a90183N.jpg|https://ae01.alicdn.com/kf/S02b695784a8a4b1196e99e0fcb24f0f5t.jpg|https://ae01.alicdn.com/kf/Se1c964ed0cbc44989816d9b8b0ae70f3c.jpg|https://ae01.alicdn.com/kf/S6a90240d6cb049a6ad95d432f6e718dd8.jpg|https://ae01.alicdn.com/kf/S9e8c8a189eed47e6a4a01d088274f90cr.jpg,,,,,6,https://ae01.alicdn.com/kf/S02b695784a8a4b1196e99e0fcb24f0f5t.jpg|https://ae01.alicdn.com/kf/S9e8c8a189eed47e6a4a01d088274f90cr.jpg|https://ae01.alicdn.com/kf/Se1c964ed0cbc44989816d9b8b0ae70f3c.jpg|https://ae01.alicdn.com/kf/S6a90240d6cb049a6ad95d432f6e718dd8.jpg|https://ae01.alicdn.com/kf/S34dc57d6fbdd4a069913976bc8a90183N.jpg|https://ae01.alicdn.com/kf/S03d583becc2a4f6ca0b5c3f462c7ff12w.jpg,FALSE,,,,,,,,,,,,,,,,,,KJHGZLEsI5u4FwTVTCGdy2zWJ1FuLOd_f2fIETDEV0R7vGDCrP6-OFwMIrdNQrqb8-PSSBRMF6m0f8a9nTY_2w4FYNsyYkAvRFAmve9qZmtXQuZLSiszt1ruXLTwh5MqgVOel5O0Cyqlo-vG-majlw==,TRUE,,2025-10-03T18:11:34.322763
"1,00501E+15",3Pcs Golf Headcover for Driver Fairway Hybrid with Soft Lining Club Long Golf Head Protection Sleeve Cover Golf Accessories,12000046823907281,Color: for black,13.12,06.04,11,https://ae01.alicdn.com/kf/S03d583becc2a4f6ca0b5c3f462c7ff12w.jpg,https://ae01.alicdn.com/kf/S03d583becc2a4f6ca0b5c3f462c7ff12w.jpg,Jerran Kvoa,,,,,Mainland China,,TRUE,100005365,https://www.aliexpress.com/item/1005008822530800.html,29,11.70 - 13.12,5.38 - 6.04,,https://ae01.alicdn.com/kf/S03d583becc2a4f6ca0b5c3f462c7ff12w.jpg|https://ae01.alicdn.com/kf/S34dc57d6fbdd4a069913976bc8a90183N.jpg|https://ae01.alicdn.com/kf/S02b695784a8a4b1196e99e0fcb24f0f5t.jpg|https://ae01.alicdn.com/kf/Se1c964ed0cbc44989816d9b8b0ae70f3c.jpg|https://ae01.alicdn.com/kf/S6a90240d6cb049a6ad95d432f6e718dd8.jpg|https://ae01.alicdn.com/kf/S9e8c8a189eed47e6a4a01d088274f90cr.jpg,,,,,6,https://ae01.alicdn.com/kf/S02b695784a8a4b1196e99e0fcb24f0f5t.jpg|https://ae01.alicdn.com/kf/S9e8c8a189eed47e6a4a01d088274f90cr.jpg|https://ae01.alicdn.com/kf/Se1c964ed0cbc44989816d9b8b0ae70f3c.jpg|https://ae01.alicdn.com/kf/S6a90240d6cb049a6ad95d432f6e718dd8.jpg|https://ae01.alicdn.com/kf/S34dc57d6fbdd4a069913976bc8a90183N.jpg|https://ae01.alicdn.com/kf/S03d583becc2a4f6ca0b5c3f462c7ff12w.jpg,FALSE,,,,,,,,,,,,,,,,,,fyGYEI_W7jejZI0fQYVRLOySacOEXjsq_MoFdr_IHRrQbjcT-DdNjdJcSAnx29QpWKBrvZvZKZgmyeNPlQWHzvZjTzViS48vsajOf2sXt74SU1kjtM-5r0Tp8D43oAuWOW2GQm3iDHPFkjXzZ4ebhg==,TRUE,,2025-10-03T18:11:34.322763
1005009955047338,Adjustable Golf Tee Height Tool Easy To Use Durable Golf Training Aid Precision Tee Height Setter Golf Ball Accessories,12000050677033783,Color: Black,7.81,3.91,9999,https://ae01.alicdn.com/kf/S80ef32d37a9545cdb10f4ef923603735Y.jpg,https://ae01.alicdn.com/kf/S80ef32d37a9545cdb10f4ef923603735Y.jpg,NoEnName_Null,Plastic,,,,Mainland China,,TRUE,100005884,https://www.aliexpress.com/item/1005009955047338.html,19998,7.81,3.91,"&nbsp; Product Number: Ball Seat Height Fixer Size: Ball Seat Height Fixer Black, Ball Seat Height Fixer Blue Material: Plastic Design: Octopus Product Weight: 10g Product Dimensions: 8.8*3.4*0.9cm Packaging: OPP &nbsp;",https://ae01.alicdn.com/kf/S8874203248c641a59fe1fa38db6d7309i.jpg|https://ae01.alicdn.com/kf/Sd9cfc98d885347e0b169f611d8dea0edj.jpg|https://ae01.alicdn.com/kf/S0a11d28db29c4bd49747be61be3b24a7Q.jpg|https://ae01.alicdn.com/kf/Sfac096923f784a08bd74cd877528fa85S.jpg|https://ae01.alicdn.com/kf/S70347736accb4c8e831ac1a558dcf769y.jpg|https://ae01.alicdn.com/kf/S4b2ab92b5677405cb8c2395f785dca3cu.jpg|https://ae01.alicdn.com/kf/S80ef32d37a9545cdb10f4ef923603735Y.jpg|https://ae01.alicdn.com/kf/S0f9b6f2961d942779a61e87bd0f5fabdu.jpg,,,,,6,https://ae01.alicdn.com/kf/S5818bf02db5d4313a3e7decf36780c78v.jpg|https://ae01.alicdn.com/kf/Sd90d4b131d6c47eaa19ae5b9cadd551fb.jpg|https://ae01.alicdn.com/kf/S977a6207e1a64c5191695e1889c24b1bv.jpg|https://ae01.alicdn.com/kf/Sdcb0d35e6cc44010afe23142ebf04334r.jpg|https://ae01.alicdn.com/kf/S43d51b0fd3ae472994c21195e7212e39U.jpg|https://ae01.alicdn.com/kf/S4957df5ab99a409d8e5dd331e2ddd71dG.jpg,FALSE,,,,,,,,,,,,,,,,,,klL1d_9CiRgxj3_xY270kz7T5C_9xC1DBcSY3KFohyNHEoEGsYI7MkBrHmj_geaau4hXOANKaRZ-03fgtM4bUeOJhiMCcsMPwXhYky1m7B3kB9sHTS3QR2INYoZLPy1LlB0P052MLuzDWFBLmOmzjw==,TRUE,,2025-10-03T18:11:37.087604
1005009955047338,Adjustable Golf Tee Height Tool Easy To Use Durable Golf Training Aid Precision Tee Height Setter Golf Ball Accessories,12000050677033784,Color: Blue,7.81,3.91,9999,https://ae01.alicdn.com/kf/S43d51b0fd3ae472994c21195e7212e39U.jpg,https://ae01.alicdn.com/kf/S43d51b0fd3ae472994c21195e7212e39U.jpg,NoEnName_Null,Plastic,,,,Mainland China,,TRUE,100005884,https://www.aliexpress.com/item/1005009955047338.html,19998,7.81,3.91,"&nbsp; Product Number: Ball Seat Height Fixer Size: Ball Seat Height Fixer Black, Ball Seat Height Fixer Blue Material: Plastic Design: Octopus Product Weight: 10g Product Dimensions: 8.8*3.4*0.9cm Packaging: OPP &nbsp;",https://ae01.alicdn.com/kf/S8874203248c641a59fe1fa38db6d7309i.jpg|https://ae01.alicdn.com/kf/Sd9cfc98d885347e0b169f611d8dea0edj.jpg|https://ae01.alicdn.com/kf/S0a11d28db29c4bd49747be61be3b24a7Q.jpg|https://ae01.alicdn.com/kf/Sfac096923f784a08bd74cd877528fa85S.jpg|https://ae01.alicdn.com/kf/S70347736accb4c8e831ac1a558dcf769y.jpg|https://ae01.alicdn.com/kf/S4b2ab92b5677405cb8c2395f785dca3cu.jpg|https://ae01.alicdn.com/kf/S80ef32d37a9545cdb10f4ef923603735Y.jpg|https://ae01.alicdn.com/kf/S0f9b6f2961d942779a61e87bd0f5fabdu.jpg,,,,,6,https://ae01.alicdn.com/kf/S5818bf02db5d4313a3e7decf36780c78v.jpg|https://ae01.alicdn.com/kf/Sd90d4b131d6c47eaa19ae5b9cadd551fb.jpg|https://ae01.alicdn.com/kf/S977a6207e1a64c5191695e1889c24b1bv.jpg|https://ae01.alicdn.com/kf/Sdcb0d35e6cc44010afe23142ebf04334r.jpg|https://ae01.alicdn.com/kf/S43d51b0fd3ae472994c21195e7212e39U.jpg|https://ae01.alicdn.com/kf/S4957df5ab99a409d8e5dd331e2ddd71dG.jpg,FALSE,,,,,,,,,,,,,,,,,,KQdMM9UaoUUm4o-E3rzMUBaZIE1ek8h8_9xVSjn8gbhlHIThJus7RbCqf2SIECueTXqxeoe8ljwEfBiSVLu8GT9vlDLCwwwVj0fPaCLjMrJkusb7ZZs8XcXVhuBm7Pk2nxsxsXsxTLJDfo7ljb018w==,TRUE,,2025-10-03T18:11:37.087604
"1,005E+15","10pcs/set Golf Iron Headcover 3-9,P,S,A , Club Head Cover Embroidery Number Case Sport Golf Training Equipment Accessories",12000044630740977,Color: DEEP BLUE,14.39,13.67,3,https://ae01.alicdn.com/kf/S84dafb7386074ac6bceb2200ce803c873.jpg,https://ae01.alicdn.com/kf/S84dafb7386074ac6bceb2200ce803c873.jpg,Siranlive,PU,,,,Mainland China,,TRUE,100005365,https://www.aliexpress.com/item/1005003595262340.html,68,14.39 - 22.08,13.67 - 20.98,"10pcs/set Golf Iron Headcover 3-9,P,S,A, Club Head Cover Embroidery Number Case Sport Golf Training Equipment Accessories",https://ae01.alicdn.com/kf/S33df7571352844f192fb25b3442c361ag.jpg|https://ae01.alicdn.com/kf/S062a1bb5cec8485b933edb6aebee4a22k.jpg|https://ae01.alicdn.com/kf/See922fb28f364fe2b7cce111a4463fe8R.jpg|https://ae01.alicdn.com/kf/Sf14b3b0a0c7847319356b443d9fc2075Q.jpg|https://ae01.alicdn.com/kf/S8ccf780a1c354ffa8ce3b438acfc1183s.jpg|https://ae01.alicdn.com/kf/Sa1fa9238dd4f4e279fe1b2833d0ed765H.jpg|https://ae01.alicdn.com/kf/Sfa294986f53e4ec59bfcfeda725474ddD.jpg|https://ae01.alicdn.com/kf/S8ea24be80ba84eaaaa22809a501532933.jpg|https://ae01.alicdn.com/kf/S446d76ac5d724f9bb9e6f66f02c35004W.jpg|https://ae01.alicdn.com/kf/S757938036eab414ebe098e3fc85b430aB.jpg|https://ae01.alicdn.com/kf/S9f28ef94c0ee4662ad4852b7555a3000Z.jpg|https://ae01.alicdn.com/kf/S9215eaaf806a47df920b8d1a3bd56ed27.jpg|https://ae01.alicdn.com/kf/Se3e59b439f8746148d9526e9f4aaa401E.jpg|https://ae01.alicdn.com/kf/S707aec702f5b4ec79655d5d4fa501b0c4.jpg,,,,,6,https://ae01.alicdn.com/kf/S78102ec56a1441838a4fa8deb0c1f2c4f.jpg|https://ae01.alicdn.com/kf/S9f28ef94c0ee4662ad4852b7555a3000Z.jpg|https://ae01.alicdn.com/kf/S757938036eab414ebe098e3fc85b430aB.jpg|https://ae01.alicdn.com/kf/S446d76ac5d724f9bb9e6f66f02c35004W.jpg|https://ae01.alicdn.com/kf/S8ea24be80ba84eaaaa22809a501532933.jpg|https://ae01.alicdn.com/kf/Sfa294986f53e4ec59bfcfeda725474ddD.jpg,FALSE,,,,,,,,,,,,,,,,,,R5RBbbO6zlx_YvJW-sQBSzabvTV8TjGfg11aIedKcGppa0Sx2nAE1UewEoUK3rJ0irhS_8vBYg7Hued3VKS-5mW4pS251Dgyp71_sELHfRRZ4NZYzo-8oCg-TLWZuWkWj2HpCSDUFJKzr-xPWjkccA==,TRUE,,2025-10-03T18:11:39.797535
"1,005E+15","10pcs/set Golf Iron Headcover 3-9,P,S,A , Club Head Cover Embroidery Number Case Sport Golf Training Equipment Accessories",12000034326260611,Color: WHITE,15.39,14.62,4,https://ae01.alicdn.com/kf/S757938036eab414ebe098e3fc85b430aB.jpg,https://ae01.alicdn.com/kf/S757938036eab414ebe098e3fc85b430aB.jpg,Siranlive,PU,,,,Mainland China,,TRUE,100005365,https://www.aliexpress.com/item/1005003595262340.html,68,14.39 - 22.08,13.67 - 20.98,"10pcs/set Golf Iron Headcover 3-9,P,S,A, Club Head Cover Embroidery Number Case Sport Golf Training Equipment Accessories",https://ae01.alicdn.com/kf/S33df7571352844f192fb25b3442c361ag.jpg|https://ae01.alicdn.com/kf/S062a1bb5cec8485b933edb6aebee4a22k.jpg|https://ae01.alicdn.com/kf/See922fb28f364fe2b7cce111a4463fe8R.jpg|https://ae01.alicdn.com/kf/Sf14b3b0a0c7847319356b443d9fc2075Q.jpg|https://ae01.alicdn.com/kf/S8ccf780a1c354ffa8ce3b438acfc1183s.jpg|https://ae01.alicdn.com/kf/Sa1fa9238dd4f4e279fe1b2833d0ed765H.jpg|https://ae01.alicdn.com/kf/Sfa294986f53e4ec59bfcfeda725474ddD.jpg|https://ae01.alicdn.com/kf/S8ea24be80ba84eaaaa22809a501532933.jpg|https://ae01.alicdn.com/kf/S446d76ac5d724f9bb9e6f66f02c35004W.jpg|https://ae01.alicdn.com/kf/S757938036eab414ebe098e3fc85b430aB.jpg|https://ae01.alicdn.com/kf/S9f28ef94c0ee4662ad4852b7555a3000Z.jpg|https://ae01.alicdn.com/kf/S9215eaaf806a47df920b8d1a3bd56ed27.jpg|https://ae01.alicdn.com/kf/Se3e59b439f8746148d9526e9f4aaa401E.jpg|https://ae01.alicdn.com/kf/S707aec702f5b4ec79655d5d4fa501b0c4.jpg,,,,,6,https://ae01.alicdn.com/kf/S78102ec56a1441838a4fa8deb0c1f2c4f.jpg|https://ae01.alicdn.com/kf/S9f28ef94c0ee4662ad4852b7555a3000Z.jpg|https://ae01.alicdn.com/kf/S757938036eab414ebe098e3fc85b430aB.jpg|https://ae01.alicdn.com/kf/S446d76ac5d724f9bb9e6f66f02c35004W.jpg|https://ae01.alicdn.com/kf/S8ea24be80ba84eaaaa22809a501532933.jpg|https://ae01.alicdn.com/kf/Sfa294986f53e4ec59bfcfeda725474ddD.jpg,FALSE,,,,,,,,,,,,,,,,,,CQBp42jpMV2rzRgxn1u7qD65zLjvBRv1WmV2QD3XsWgEoINbwVEdEOdguLLUjhQnCbTJnRbnej9ShE9ixiIapZnVU8RDjYtSG3zOLMXe8UuyJsvfAMjifSzAp6QwUoYnl4wjDFYFuOoxy7Ps1JPD_A==,TRUE,,2025-10-03T18:11:39.797535
"1,005E+15","10pcs/set Golf Iron Headcover 3-9,P,S,A , Club Head Cover Embroidery Number Case Sport Golf Training Equipment Accessories",12000045467142954,Color: 4-9PASX,16.81,15.97,12,https://ae01.alicdn.com/kf/S339c518412634d428138646cfa0c46d4y.jpg,https://ae01.alicdn.com/kf/S339c518412634d428138646cfa0c46d4y.jpg,Siranlive,PU,,,,Mainland China,,TRUE,100005365,https://www.aliexpress.com/item/1005003595262340.html,68,14.39 - 22.08,13.67 - 20.98,"10pcs/set Golf Iron Headcover 3-9,P,S,A, Club Head Cover Embroidery Number Case Sport Golf Training Equipment Accessories",https://ae01.alicdn.com/kf/S33df7571352844f192fb25b3442c361ag.jpg|https://ae01.alicdn.com/kf/S062a1bb5cec8485b933edb6aebee4a22k.jpg|https://ae01.alicdn.com/kf/See922fb28f364fe2b7cce111a4463fe8R.jpg|https://ae01.alicdn.com/kf/Sf14b3b0a0c7847319356b443d9fc2075Q.jpg|https://ae01.alicdn.com/kf/S8ccf780a1c354ffa8ce3b438acfc1183s.jpg|https://ae01.alicdn.com/kf/Sa1fa9238dd4f4e279fe1b2833d0ed765H.jpg|https://ae01.alicdn.com/kf/Sfa294986f53e4ec59bfcfeda725474ddD.jpg|https://ae01.alicdn.com/kf/S8ea24be80ba84eaaaa22809a501532933.jpg|https://ae01.alicdn.com/kf/S446d76ac5d724f9bb9e6f66f02c35004W.jpg|https://ae01.alicdn.com/kf/S757938036eab414ebe098e3fc85b430aB.jpg|https://ae01.alicdn.com/kf/S9f28ef94c0ee4662ad4852b7555a3000Z.jpg|https://ae01.alicdn.com/kf/S9215eaaf806a47df920b8d1a3bd56ed27.jpg|https://ae01.alicdn.com/kf/Se3e59b439f8746148d9526e9f4aaa401E.jpg|https://ae01.alicdn.com/kf/S707aec702f5b4ec79655d5d4fa501b0c4.jpg,,,,,6,https://ae01.alicdn.com/kf/S78102ec56a1441838a4fa8deb0c1f2c4f.jpg|https://ae01.alicdn.com/kf/S9f28ef94c0ee4662ad4852b7555a3000Z.jpg|https://ae01.alicdn.com/kf/S757938036eab414ebe098e3fc85b430aB.jpg|https://ae01.alicdn.com/kf/S446d76ac5d724f9bb9e6f66f02c35004W.jpg|https://ae01.alicdn.com/kf/S8ea24be80ba84eaaaa22809a501532933.jpg|https://ae01.alicdn.com/kf/Sfa294986f53e4ec59bfcfeda725474ddD.jpg,FALSE,,,,,,,,,,,,,,,,,,rvGNA7alBwo-fAyjfQQA0azTRxDATt5Smds4NZzzCvYiZbRwEsN-sQSF2n2rv7te-wQQ1TXxPmrvVOt0QlBqu9wzXPCoAGhfpRsedl0g9mo9IabBjgJzwqGoitGMgJIknYTbswj2XW8EWivK9ywg3g==,TRUE,,2025-10-03T18:11:39.797535
"1,005E+15","10pcs/set Golf Iron Headcover 3-9,P,S,A , Club Head Cover Embroidery Number Case Sport Golf Training Equipment Accessories",12000044630740979,Color: Burgundy,19.23,18.27,4,https://ae01.alicdn.com/kf/S41f7014f6cff4df28ad34915ef69aed3D.jpg,https://ae01.alicdn.com/kf/S41f7014f6cff4df28ad34915ef69aed3D.jpg,Siranlive,PU,,,,Mainland China,,TRUE,100005365,https://www.aliexpress.com/item/1005003595262340.html,68,14.39 - 22.08,13.67 - 20.98,"10pcs/set Golf Iron Headcover 3-9,P,S,A, Club Head Cover Embroidery Number Case Sport Golf Training Equipment Accessories",https://ae01.alicdn.com/kf/S33df7571352844f192fb25b3442c361ag.jpg|https://ae01.alicdn.com/kf/S062a1bb5cec8485b933edb6aebee4a22k.jpg|https://ae01.alicdn.com/kf/See922fb28f364fe2b7cce111a4463fe8R.jpg|https://ae01.alicdn.com/kf/Sf14b3b0a0c7847319356b443d9fc2075Q.jpg|https://ae01.alicdn.com/kf/S8ccf780a1c354ffa8ce3b438acfc1183s.jpg|https://ae01.alicdn.com/kf/Sa1fa9238dd4f4e279fe1b2833d0ed765H.jpg|https://ae01.alicdn.com/kf/Sfa294986f53e4ec59bfcfeda725474ddD.jpg|https://ae01.alicdn.com/kf/S8ea24be80ba84eaaaa22809a501532933.jpg|https://ae01.alicdn.com/kf/S446d76ac5d724f9bb9e6f66f02c35004W.jpg|https://ae01.alicdn.com/kf/S757938036eab414ebe098e3fc85b430aB.jpg|https://ae01.alicdn.com/kf/S9f28ef94c0ee4662ad4852b7555a3000Z.jpg|https://ae01.alicdn.com/kf/S9215eaaf806a47df920b8d1a3bd56ed27.jpg|https://ae01.alicdn.com/kf/Se3e59b439f8746148d9526e9f4aaa401E.jpg|https://ae01.alicdn.com/kf/S707aec702f5b4ec79655d5d4fa501b0c4.jpg,,,,,6,https://ae01.alicdn.com/kf/S78102ec56a1441838a4fa8deb0c1f2c4f.jpg|https://ae01.alicdn.com/kf/S9f28ef94c0ee4662ad4852b7555a3000Z.jpg|https://ae01.alicdn.com/kf/S757938036eab414ebe098e3fc85b430aB.jpg|https://ae01.alicdn.com/kf/S446d76ac5d724f9bb9e6f66f02c35004W.jpg|https://ae01.alicdn.com/kf/S8ea24be80ba84eaaaa22809a501532933.jpg|https://ae01.alicdn.com/kf/Sfa294986f53e4ec59bfcfeda725474ddD.jpg,FALSE,,,,,,,,,,,,,,,,,,AsN55E1YUK1RVOfjtf_bCs3AzjoeP1xNxALSat20hg4XyFe_trstqMS4IqavctbuuHAb8HEEFbCNyx_HTpGODLmqe56v38pfoqd3csf1q45cKG9BlMSz8PIGxe-F_PvA8wjO38LjlLiy82HPUxLh6Q==,TRUE,,2025-10-03T18:11:39.797535
"1,005E+15","10pcs/set Golf Iron Headcover 3-9,P,S,A , Club Head Cover Embroidery Number Case Sport Golf Training Equipment Accessories",12000043650912202,Color: velcro closure,16.81,15.97,4,https://ae01.alicdn.com/kf/S9215eaaf806a47df920b8d1a3bd56ed27.jpg,https://ae01.alicdn.com/kf/S9215eaaf806a47df920b8d1a3bd56ed27.jpg,Siranlive,PU,,,,Mainland China,,TRUE,100005365,https://www.aliexpress.com/item/1005003595262340.html,68,14.39 - 22.08,13.67 - 20.98,"10pcs/set Golf Iron Headcover 3-9,P,S,A, Club Head Cover Embroidery Number Case Sport Golf Training Equipment Accessories",https://ae01.alicdn.com/kf/S33df7571352844f192fb25b3442c361ag.jpg|https://ae01.alicdn.com/kf/S062a1bb5cec8485b933edb6aebee4a22k.jpg|https://ae01.alicdn.com/kf/See922fb28f364fe2b7cce111a4463fe8R.jpg|https://ae01.alicdn.com/kf/Sf14b3b0a0c7847319356b443d9fc2075Q.jpg|https://ae01.alicdn.com/kf/S8ccf780a1c354ffa8ce3b438acfc1183s.jpg|https://ae01.alicdn.com/kf/Sa1fa9238dd4f4e279fe1b2833d0ed765H.jpg|https://ae01.alicdn.com/kf/Sfa294986f53e4ec59bfcfeda725474ddD.jpg|https://ae01.alicdn.com/kf/S8ea24be80ba84eaaaa22809a501532933.jpg|https://ae01.alicdn.com/kf/S446d76ac5d724f9bb9e6f66f02c35004W.jpg|https://ae01.alicdn.com/kf/S757938036eab414ebe098e3fc85b430aB.jpg|https://ae01.alicdn.com/kf/S9f28ef94c0ee4662ad4852b7555a3000Z.jpg|https://ae01.alicdn.com/kf/S9215eaaf806a47df920b8d1a3bd56ed27.jpg|https://ae01.alicdn.com/kf/Se3e59b439f8746148d9526e9f4aaa401E.jpg|https://ae01.alicdn.com/kf/S707aec702f5b4ec79655d5d4fa501b0c4.jpg,,,,,6,https://ae01.alicdn.com/kf/S78102ec56a1441838a4fa8deb0c1f2c4f.jpg|https://ae01.alicdn.com/kf/S9f28ef94c0ee4662ad4852b7555a3000Z.jpg|https://ae01.alicdn.com/kf/S757938036eab414ebe098e3fc85b430aB.jpg|https://ae01.alicdn.com/kf/S446d76ac5d724f9bb9e6f66f02c35004W.jpg|https://ae01.alicdn.com/kf/S8ea24be80ba84eaaaa22809a501532933.jpg|https://ae01.alicdn.com/kf/Sfa294986f53e4ec59bfcfeda725474ddD.jpg,FALSE,,,,,,,,,,,,,,,,,,CkKKnJ5i0hAyWqA8Mn9Tmh98tcdKurd0h1P5A-blkoBEV4GdSMwhnj9KHQGsSDw8PbCnPJPo3TcswogZlZlDPTqF_wteGFOwFmVWgs8Brbz8QjwCRXM3B2anovKt5gGy5X-N6bYEjDJfd9q1wzekAQ==,TRUE,,2025-10-03T18:11:39.797535
"1,005E+15","10pcs/set Golf Iron Headcover 3-9,P,S,A , Club Head Cover Embroidery Number Case Sport Golf Training Equipment Accessories",12000044630740978,Color: MULTI,14.39,13.67,6,https://ae01.alicdn.com/kf/S66b97e9e4cc646d69377d7f18234c461X.jpg,https://ae01.alicdn.com/kf/S66b97e9e4cc646d69377d7f18234c461X.jpg,Siranlive,PU,,,,Mainland China,,TRUE,100005365,https://www.aliexpress.com/item/1005003595262340.html,68,14.39 - 22.08,13.67 - 20.98,"10pcs/set Golf Iron Headcover 3-9,P,S,A, Club Head Cover Embroidery Number Case Sport Golf Training Equipment Accessories",https://ae01.alicdn.com/kf/S33df7571352844f192fb25b3442c361ag.jpg|https://ae01.alicdn.com/kf/S062a1bb5cec8485b933edb6aebee4a22k.jpg|https://ae01.alicdn.com/kf/See922fb28f364fe2b7cce111a4463fe8R.jpg|https://ae01.alicdn.com/kf/Sf14b3b0a0c7847319356b443d9fc2075Q.jpg|https://ae01.alicdn.com/kf/S8ccf780a1c354ffa8ce3b438acfc1183s.jpg|https://ae01.alicdn.com/kf/Sa1fa9238dd4f4e279fe1b2833d0ed765H.jpg|https://ae01.alicdn.com/kf/Sfa294986f53e4ec59bfcfeda725474ddD.jpg|https://ae01.alicdn.com/kf/S8ea24be80ba84eaaaa22809a501532933.jpg|https://ae01.alicdn.com/kf/S446d76ac5d724f9bb9e6f66f02c35004W.jpg|https://ae01.alicdn.com/kf/S757938036eab414ebe098e3fc85b430aB.jpg|https://ae01.alicdn.com/kf/S9f28ef94c0ee4662ad4852b7555a3000Z.jpg|https://ae01.alicdn.com/kf/S9215eaaf806a47df920b8d1a3bd56ed27.jpg|https://ae01.alicdn.com/kf/Se3e59b439f8746148d9526e9f4aaa401E.jpg|https://ae01.alicdn.com/kf/S707aec702f5b4ec79655d5d4fa501b0c4.jpg,,,,,6,https://ae01.alicdn.com/kf/S78102ec56a1441838a4fa8deb0c1f2c4f.jpg|https://ae01.alicdn.com/kf/S9f28ef94c0ee4662ad4852b7555a3000Z.jpg|https://ae01.alicdn.com/kf/S757938036eab414ebe098e3fc85b430aB.jpg|https://ae01.alicdn.com/kf/S446d76ac5d724f9bb9e6f66f02c35004W.jpg|https://ae01.alicdn.com/kf/S8ea24be80ba84eaaaa22809a501532933.jpg|https://ae01.alicdn.com/kf/Sfa294986f53e4ec59bfcfeda725474ddD.jpg,FALSE,,,,,,,,,,,,,,,,,,h-b3rm3gho7_HtV9oksb1j1jVQLkhAtvVuMsiic0JIAE-22kXhDS1g_nlG8JzdzfeNVTk0ERFG49ck_N3jppgBZnPQa9odAmoyDpV3FEo3H1amH0OEa35TKjhDBsLPGj_BasQV5a7lYRmuiPCWLbGA==,TRUE,,2025-10-03T18:11:39.797535
"1,005E+15","10pcs/set Golf Iron Headcover 3-9,P,S,A , Club Head Cover Embroidery Number Case Sport Golf Training Equipment Accessories",12000044630740980,Color: Ivory,19.23,18.27,1,https://ae01.alicdn.com/kf/S181cef1853a64692b9e93ca937f021feL.jpg,https://ae01.alicdn.com/kf/S181cef1853a64692b9e93ca937f021feL.jpg,Siranlive,PU,,,,Mainland China,,TRUE,100005365,https://www.aliexpress.com/item/1005003595262340.html,68,14.39 - 22.08,13.67 - 20.98,"10pcs/set Golf Iron Headcover 3-9,P,S,A, Club Head Cover Embroidery Number Case Sport Golf Training Equipment Accessories",https://ae01.alicdn.com/kf/S33df7571352844f192fb25b3442c361ag.jpg|https://ae01.alicdn.com/kf/S062a1bb5cec8485b933edb6aebee4a22k.jpg|https://ae01.alicdn.com/kf/See922fb28f364fe2b7cce111a4463fe8R.jpg|https://ae01.alicdn.com/kf/Sf14b3b0a0c7847319356b443d9fc2075Q.jpg|https://ae01.alicdn.com/kf/S8ccf780a1c354ffa8ce3b438acfc1183s.jpg|https://ae01.alicdn.com/kf/Sa1fa9238dd4f4e279fe1b2833d0ed765H.jpg|https://ae01.alicdn.com/kf/Sfa294986f53e4ec59bfcfeda725474ddD.jpg|https://ae01.alicdn.com/kf/S8ea24be80ba84eaaaa22809a501532933.jpg|https://ae01.alicdn.com/kf/S446d76ac5d724f9bb9e6f66f02c35004W.jpg|https://ae01.alicdn.com/kf/S757938036eab414ebe098e3fc85b430aB.jpg|https://ae01.alicdn.com/kf/S9f28ef94c0ee4662ad4852b7555a3000Z.jpg|https://ae01.alicdn.com/kf/S9215eaaf806a47df920b8d1a3bd56ed27.jpg|https://ae01.alicdn.com/kf/Se3e59b439f8746148d9526e9f4aaa401E.jpg|https://ae01.alicdn.com/kf/S707aec702f5b4ec79655d5d4fa501b0c4.jpg,,,,,6,https://ae01.alicdn.com/kf/S78102ec56a1441838a4fa8deb0c1f2c4f.jpg|https://ae01.alicdn.com/kf/S9f28ef94c0ee4662ad4852b7555a3000Z.jpg|https://ae01.alicdn.com/kf/S757938036eab414ebe098e3fc85b430aB.jpg|https://ae01.alicdn.com/kf/S446d76ac5d724f9bb9e6f66f02c35004W.jpg|https://ae01.alicdn.com/kf/S8ea24be80ba84eaaaa22809a501532933.jpg|https://ae01.alicdn.com/kf/Sfa294986f53e4ec59bfcfeda725474ddD.jpg,FALSE,,,,,,,,,,,,,,,,,,fOOvGpuJt_9iyrHC3583xjX1ASgnbEFGgsgdAi00h_LehiIM3TD0b82rhfQt57VcanZRTzbRc1vwbY3uixIeLhU9yrgLDRydV2lffcZbbdfmSNoYVUqjz-gjQD2qg06lsfkRJEAVdcgLBGat4FS93Q==,TRUE,,2025-10-03T18:11:39.797535
"1,005E+15","10pcs/set Golf Iron Headcover 3-9,P,S,A , Club Head Cover Embroidery Number Case Sport Golf Training Equipment Accessories",12000034326260612,Color: black,15.39,14.62,6,https://ae01.alicdn.com/kf/S446d76ac5d724f9bb9e6f66f02c35004W.jpg,https://ae01.alicdn.com/kf/S446d76ac5d724f9bb9e6f66f02c35004W.jpg,Siranlive,PU,,,,Mainland China,,TRUE,100005365,https://www.aliexpress.com/item/1005003595262340.html,68,14.39 - 22.08,13.67 - 20.98,"10pcs/set Golf Iron Headcover 3-9,P,S,A, Club Head Cover Embroidery Number Case Sport Golf Training Equipment Accessories",https://ae01.alicdn.com/kf/S33df7571352844f192fb25b3442c361ag.jpg|https://ae01.alicdn.com/kf/S062a1bb5cec8485b933edb6aebee4a22k.jpg|https://ae01.alicdn.com/kf/See922fb28f364fe2b7cce111a4463fe8R.jpg|https://ae01.alicdn.com/kf/Sf14b3b0a0c7847319356b443d9fc2075Q.jpg|https://ae01.alicdn.com/kf/S8ccf780a1c354ffa8ce3b438acfc1183s.jpg|https://ae01.alicdn.com/kf/Sa1fa9238dd4f4e279fe1b2833d0ed765H.jpg|https://ae01.alicdn.com/kf/Sfa294986f53e4ec59bfcfeda725474ddD.jpg|https://ae01.alicdn.com/kf/S8ea24be80ba84eaaaa22809a501532933.jpg|https://ae01.alicdn.com/kf/S446d76ac5d724f9bb9e6f66f02c35004W.jpg|https://ae01.alicdn.com/kf/S757938036eab414ebe098e3fc85b430aB.jpg|https://ae01.alicdn.com/kf/S9f28ef94c0ee4662ad4852b7555a3000Z.jpg|https://ae01.alicdn.com/kf/S9215eaaf806a47df920b8d1a3bd56ed27.jpg|https://ae01.alicdn.com/kf/Se3e59b439f8746148d9526e9f4aaa401E.jpg|https://ae01.alicdn.com/kf/S707aec702f5b4ec79655d5d4fa501b0c4.jpg,,,,,6,https://ae01.alicdn.com/kf/S78102ec56a1441838a4fa8deb0c1f2c4f.jpg|https://ae01.alicdn.com/kf/S9f28ef94c0ee4662ad4852b7555a3000Z.jpg|https://ae01.alicdn.com/kf/S757938036eab414ebe098e3fc85b430aB.jpg|https://ae01.alicdn.com/kf/S446d76ac5d724f9bb9e6f66f02c35004W.jpg|https://ae01.alicdn.com/kf/S8ea24be80ba84eaaaa22809a501532933.jpg|https://ae01.alicdn.com/kf/Sfa294986f53e4ec59bfcfeda725474ddD.jpg,FALSE,,,,,,,,,,,,,,,,,,xYM3MLhFG-R0SJg3KjYHzsRXOiBjn0a60vY6fK7T3KMWBSEq2_d4pk54rwpHTVCcvFOvdzDTYBllUJhkTEG09zHn1tU4SgDQWdu0Vy3hhHQrmCu1lHefJOzSxHZ21XU_lw0UdGnp6LYpQY2A_rcupw==,TRUE,,2025-10-03T18:11:39.797535
"1,005E+15","10pcs/set Golf Iron Headcover 3-9,P,S,A , Club Head Cover Embroidery Number Case Sport Golf Training Equipment Accessories",12000050858083753,Color: 9 pcs,19.93,18.93,3,https://ae01.alicdn.com/kf/S8a2e4a8d1ec9447e8597e36493ca5407e.jpg,https://ae01.alicdn.com/kf/S8a2e4a8d1ec9447e8597e36493ca5407e.jpg,Siranlive,PU,,,,Mainland China,,TRUE,100005365,https://www.aliexpress.com/item/1005003595262340.html,68,14.39 - 22.08,13.67 - 20.98,"10pcs/set Golf Iron Headcover 3-9,P,S,A, Club Head Cover Embroidery Number Case Sport Golf Training Equipment Accessories",https://ae01.alicdn.com/kf/S33df7571352844f192fb25b3442c361ag.jpg|https://ae01.alicdn.com/kf/S062a1bb5cec8485b933edb6aebee4a22k.jpg|https://ae01.alicdn.com/kf/See922fb28f364fe2b7cce111a4463fe8R.jpg|https://ae01.alicdn.com/kf/Sf14b3b0a0c7847319356b443d9fc2075Q.jpg|https://ae01.alicdn.com/kf/S8ccf780a1c354ffa8ce3b438acfc1183s.jpg|https://ae01.alicdn.com/kf/Sa1fa9238dd4f4e279fe1b2833d0ed765H.jpg|https://ae01.alicdn.com/kf/Sfa294986f53e4ec59bfcfeda725474ddD.jpg|https://ae01.alicdn.com/kf/S8ea24be80ba84eaaaa22809a501532933.jpg|https://ae01.alicdn.com/kf/S446d76ac5d724f9bb9e6f66f02c35004W.jpg|https://ae01.alicdn.com/kf/S757938036eab414ebe098e3fc85b430aB.jpg|https://ae01.alicdn.com/kf/S9f28ef94c0ee4662ad4852b7555a3000Z.jpg|https://ae01.alicdn.com/kf/S9215eaaf806a47df920b8d1a3bd56ed27.jpg|https://ae01.alicdn.com/kf/Se3e59b439f8746148d9526e9f4aaa401E.jpg|https://ae01.alicdn.com/kf/S707aec702f5b4ec79655d5d4fa501b0c4.jpg,,,,,6,https://ae01.alicdn.com/kf/S78102ec56a1441838a4fa8deb0c1f2c4f.jpg|https://ae01.alicdn.com/kf/S9f28ef94c0ee4662ad4852b7555a3000Z.jpg|https://ae01.alicdn.com/kf/S757938036eab414ebe098e3fc85b430aB.jpg|https://ae01.alicdn.com/kf/S446d76ac5d724f9bb9e6f66f02c35004W.jpg|https://ae01.alicdn.com/kf/S8ea24be80ba84eaaaa22809a501532933.jpg|https://ae01.alicdn.com/kf/Sfa294986f53e4ec59bfcfeda725474ddD.jpg,FALSE,,,,,,,,,,,,,,,,,,xMJOK7pIakEX_f0ctCxu-kNysmPEhe9Kx9g9T1XSQ9T4xUVLQl3vfmiuN4EQL7usLkh-AiS9VkG-InRJEcCF7AX-3gNK-tKphxEse_umBQJ8Ezz1bx5jnAnWqzBGt42SmreBksDCzcIGj4bMiFiLUA==,TRUE,,2025-10-03T18:11:39.797535
"1,005E+15","10pcs/set Golf Iron Headcover 3-9,P,S,A , Club Head Cover Embroidery Number Case Sport Golf Training Equipment Accessories",12000034326260613,Color: 3-9PAS,15.39,14.62,11,https://ae01.alicdn.com/kf/S78102ec56a1441838a4fa8deb0c1f2c4f.jpg,https://ae01.alicdn.com/kf/S78102ec56a1441838a4fa8deb0c1f2c4f.jpg,Siranlive,PU,,,,Mainland China,,TRUE,100005365,https://www.aliexpress.com/item/1005003595262340.html,68,14.39 - 22.08,13.67 - 20.98,"10pcs/set Golf Iron Headcover 3-9,P,S,A, Club Head Cover Embroidery Number Case Sport Golf Training Equipment Accessories",https://ae01.alicdn.com/kf/S33df7571352844f192fb25b3442c361ag.jpg|https://ae01.alicdn.com/kf/S062a1bb5cec8485b933edb6aebee4a22k.jpg|https://ae01.alicdn.com/kf/See922fb28f364fe2b7cce111a4463fe8R.jpg|https://ae01.alicdn.com/kf/Sf14b3b0a0c7847319356b443d9fc2075Q.jpg|https://ae01.alicdn.com/kf/S8ccf780a1c354ffa8ce3b438acfc1183s.jpg|https://ae01.alicdn.com/kf/Sa1fa9238dd4f4e279fe1b2833d0ed765H.jpg|https://ae01.alicdn.com/kf/Sfa294986f53e4ec59bfcfeda725474ddD.jpg|https://ae01.alicdn.com/kf/S8ea24be80ba84eaaaa22809a501532933.jpg|https://ae01.alicdn.com/kf/S446d76ac5d724f9bb9e6f66f02c35004W.jpg|https://ae01.alicdn.com/kf/S757938036eab414ebe098e3fc85b430aB.jpg|https://ae01.alicdn.com/kf/S9f28ef94c0ee4662ad4852b7555a3000Z.jpg|https://ae01.alicdn.com/kf/S9215eaaf806a47df920b8d1a3bd56ed27.jpg|https://ae01.alicdn.com/kf/Se3e59b439f8746148d9526e9f4aaa401E.jpg|https://ae01.alicdn.com/kf/S707aec702f5b4ec79655d5d4fa501b0c4.jpg,,,,,6,https://ae01.alicdn.com/kf/S78102ec56a1441838a4fa8deb0c1f2c4f.jpg|https://ae01.alicdn.com/kf/S9f28ef94c0ee4662ad4852b7555a3000Z.jpg|https://ae01.alicdn.com/kf/S757938036eab414ebe098e3fc85b430aB.jpg|https://ae01.alicdn.com/kf/S446d76ac5d724f9bb9e6f66f02c35004W.jpg|https://ae01.alicdn.com/kf/S8ea24be80ba84eaaaa22809a501532933.jpg|https://ae01.alicdn.com/kf/Sfa294986f53e4ec59bfcfeda725474ddD.jpg,FALSE,,,,,,,,,,,,,,,,,,osj_DFXEAlNmmQxiJv9qZpTygRcJKCo34D6go7WvNajBRwJ_1tldn7zpXB5xent45Gm8yrssDaXyXqDFL5azKllkSbhMNRYiiTPPL-4XRE8VDcYJ8S5_k8vR1nQ-Vd1A_XPR-BmvkpcRab3u-FPKEQ==,TRUE,,2025-10-03T18:11:39.797535
"1,005E+15","10pcs/set Golf Iron Headcover 3-9,P,S,A , Club Head Cover Embroidery Number Case Sport Golf Training Equipment Accessories",12000044630740973,Color: velcro closure,14.39,13.67,7,https://ae01.alicdn.com/kf/S257c88e8b387440f98a5c3a403afb00dp.jpg,https://ae01.alicdn.com/kf/S257c88e8b387440f98a5c3a403afb00dp.jpg,Siranlive,PU,,,,Mainland China,,TRUE,100005365,https://www.aliexpress.com/item/1005003595262340.html,68,14.39 - 22.08,13.67 - 20.98,"10pcs/set Golf Iron Headcover 3-9,P,S,A, Club Head Cover Embroidery Number Case Sport Golf Training Equipment Accessories",https://ae01.alicdn.com/kf/S33df7571352844f192fb25b3442c361ag.jpg|https://ae01.alicdn.com/kf/S062a1bb5cec8485b933edb6aebee4a22k.jpg|https://ae01.alicdn.com/kf/See922fb28f364fe2b7cce111a4463fe8R.jpg|https://ae01.alicdn.com/kf/Sf14b3b0a0c7847319356b443d9fc2075Q.jpg|https://ae01.alicdn.com/kf/S8ccf780a1c354ffa8ce3b438acfc1183s.jpg|https://ae01.alicdn.com/kf/Sa1fa9238dd4f4e279fe1b2833d0ed765H.jpg|https://ae01.alicdn.com/kf/Sfa294986f53e4ec59bfcfeda725474ddD.jpg|https://ae01.alicdn.com/kf/S8ea24be80ba84eaaaa22809a501532933.jpg|https://ae01.alicdn.com/kf/S446d76ac5d724f9bb9e6f66f02c35004W.jpg|https://ae01.alicdn.com/kf/S757938036eab414ebe098e3fc85b430aB.jpg|https://ae01.alicdn.com/kf/S9f28ef94c0ee4662ad4852b7555a3000Z.jpg|https://ae01.alicdn.com/kf/S9215eaaf806a47df920b8d1a3bd56ed27.jpg|https://ae01.alicdn.com/kf/Se3e59b439f8746148d9526e9f4aaa401E.jpg|https://ae01.alicdn.com/kf/S707aec702f5b4ec79655d5d4fa501b0c4.jpg,,,,,6,https://ae01.alicdn.com/kf/S78102ec56a1441838a4fa8deb0c1f2c4f.jpg|https://ae01.alicdn.com/kf/S9f28ef94c0ee4662ad4852b7555a3000Z.jpg|https://ae01.alicdn.com/kf/S757938036eab414ebe098e3fc85b430aB.jpg|https://ae01.alicdn.com/kf/S446d76ac5d724f9bb9e6f66f02c35004W.jpg|https://ae01.alicdn.com/kf/S8ea24be80ba84eaaaa22809a501532933.jpg|https://ae01.alicdn.com/kf/Sfa294986f53e4ec59bfcfeda725474ddD.jpg,FALSE,,,,,,,,,,,,,,,,,,RSi1cVtH3JW2WcVer1cL8GwiEOg1_rXZSyPWu1MN3UfHiT_Nxto3M6Sh3RW9v4-EEKyu1N-jAH-8RdKC7fg7Ij4dMhuSENxIblyk7lXqTRyePU1DpMXTNcj3MyLNIiywsTWsSf6BXxFklogO-8aydg==,TRUE,,2025-10-03T18:11:39.797535
"1,005E+15","10pcs/set Golf Iron Headcover 3-9,P,S,A , Club Head Cover Embroidery Number Case Sport Golf Training Equipment Accessories",12000044630740974,Color: magnetic closure,22.08,20.98,7,https://ae01.alicdn.com/kf/S257c88e8b387440f98a5c3a403afb00dp.jpg,https://ae01.alicdn.com/kf/S257c88e8b387440f98a5c3a403afb00dp.jpg,Siranlive,PU,,,,Mainland China,,TRUE,100005365,https://www.aliexpress.com/item/1005003595262340.html,68,14.39 - 22.08,13.67 - 20.98,"10pcs/set Golf Iron Headcover 3-9,P,S,A, Club Head Cover Embroidery Number Case Sport Golf Training Equipment Accessories",https://ae01.alicdn.com/kf/S33df7571352844f192fb25b3442c361ag.jpg|https://ae01.alicdn.com/kf/S062a1bb5cec8485b933edb6aebee4a22k.jpg|https://ae01.alicdn.com/kf/See922fb28f364fe2b7cce111a4463fe8R.jpg|https://ae01.alicdn.com/kf/Sf14b3b0a0c7847319356b443d9fc2075Q.jpg|https://ae01.alicdn.com/kf/S8ccf780a1c354ffa8ce3b438acfc1183s.jpg|https://ae01.alicdn.com/kf/Sa1fa9238dd4f4e279fe1b2833d0ed765H.jpg|https://ae01.alicdn.com/kf/Sfa294986f53e4ec59bfcfeda725474ddD.jpg|https://ae01.alicdn.com/kf/S8ea24be80ba84eaaaa22809a501532933.jpg|https://ae01.alicdn.com/kf/S446d76ac5d724f9bb9e6f66f02c35004W.jpg|https://ae01.alicdn.com/kf/S757938036eab414ebe098e3fc85b430aB.jpg|https://ae01.alicdn.com/kf/S9f28ef94c0ee4662ad4852b7555a3000Z.jpg|https://ae01.alicdn.com/kf/S9215eaaf806a47df920b8d1a3bd56ed27.jpg|https://ae01.alicdn.com/kf/Se3e59b439f8746148d9526e9f4aaa401E.jpg|https://ae01.alicdn.com/kf/S707aec702f5b4ec79655d5d4fa501b0c4.jpg,,,,,6,https://ae01.alicdn.com/kf/S78102ec56a1441838a4fa8deb0c1f2c4f.jpg|https://ae01.alicdn.com/kf/S9f28ef94c0ee4662ad4852b7555a3000Z.jpg|https://ae01.alicdn.com/kf/S757938036eab414ebe098e3fc85b430aB.jpg|https://ae01.alicdn.com/kf/S446d76ac5d724f9bb9e6f66f02c35004W.jpg|https://ae01.alicdn.com/kf/S8ea24be80ba84eaaaa22809a501532933.jpg|https://ae01.alicdn.com/kf/Sfa294986f53e4ec59bfcfeda725474ddD.jpg,FALSE,,,,,,,,,,,,,,,,,,_R8jE655clVhbir0VqQR--IfYHg4-BFvY1E-awjKb0ntLks_a-zqS8z3ZPAFjlViVPUu-OUqmX_FX7Zsy2zzzYTHlkbCjfCdsKXNsZGyfORHx78CcBPj6WKjL-A_xSC-5TJC4HomzSNm58--SwI52Q==,TRUE,,2025-10-03T18:11:39.797535